Opportunity ID,GAU Allocation
006Px5R0Z56M8R61AA,GAU-1087 :: Disaster Relief Fund 2024
006Px0BBC9Y8KSH2AA,GAU-1087 :: Disaster Relief Fund 2024
006PxD43H6TUTAQ7AA,GAU-1087 :: Disaster Relief Fund 2024
006PxJ1ZLNGCSDVFAA,GAU-1087 :: Disaster Relief Fund 2024
006PxYKCZ29N4V0WAA,GAU-1087 :: Disaster Relief Fund 2024
006PxYN2HJTJCV1BAA,GAU-1087 :: Disaster Relief Fund 2024
006Px5GT6G7S8EASAA,GAU-1087 :: Disaster Relief Fund 2024
006PxWDS4658S8ZTAA,GAU-1087 :: Disaster Relief Fund 2024
006PxY7VWWZQDZWTAA,GAU-1087 :: Disaster Relief Fund 2024
006PxUPPY62TPY29AA,GAU-1087 :: Disaster Relief Fund 2024
006PxX0CK04Z290FAA,GAU-1087 :: Disaster Relief Fund 2024
006Px27XTXF00X0VAA,GAU-1087 :: Disaster Relief Fund 2024
006PxVR1G9WG5UNPAA,GAU-1087 :: Disaster Relief Fund 2024
006PxTYNS2S8UBNUAA,GAU-1087 :: Disaster Relief Fund 2024
006PxSVAX9H5X5ERAA,GAU-1087 :: Disaster Relief Fund 2024
006Px19WCJ990FX8AA,GAU-1087 :: Disaster Relief Fund 2024
006Px96BRH0SDKD7AA,GAU-1087 :: Disaster Relief Fund 2024
006PxTALJQSH59KLAA,GAU-1087 :: Disaster Relief Fund 2024
006PxQAR696PYGY6AA,GAU-1087 :: Disaster Relief Fund 2024
006PxDGFJD0AXQC4AA,GAU-1087 :: Disaster Relief Fund 2024
006PxLN26TQ4RNBUAA,GAU-1087 :: Disaster Relief Fund 2024
006PxPD0K7HLVFX5AA,GAU-1087 :: Disaster Relief Fund 2024
006PxA12T5MP056QAA,GAU-1087 :: Disaster Relief Fund 2024
006PxQWKY3U9FRGMAA,GAU-1087 :: Disaster Relief Fund 2024
006PxWU1DK6AJXRLAA,GAU-1087 :: Disaster Relief Fund 2024
006PxBXCASCV7U84AA,GAU-1087 :: Disaster Relief Fund 2024
006Px0EWSW6KX1V0AA,GAU-1087 :: Disaster Relief Fund 2024
006PxYS2VVP0BUMCAA,GAU-1087 :: Disaster Relief Fund 2024
006Px8LX94HVMB8WAA,GAU-1087 :: Disaster Relief Fund 2024
006PxVKB5Z8B6DXFAA,GAU-1087 :: Disaster Relief Fund 2024
006PxYK56KRWAQZNAA,GAU-1087 :: Disaster Relief Fund 2024
006Px5FDEL4AL5FXAA,GAU-1087 :: Disaster Relief Fund 2024
006PxY2AAHT7UHNUAA,GAU-1087 :: Disaster Relief Fund 2024
006PxUHN29D9MBFEAA,GAU-1087 :: Disaster Relief Fund 2024
006PxYKBADZ7A3GQAA,GAU-1087 :: Disaster Relief Fund 2024
006Px9TDUBE2KQ8RAA,GAU-1087 :: Disaster Relief Fund 2024
006Px8EV3A1XM5U1AA,GAU-1087 :: Disaster Relief Fund 2024
006PxSG5LFD4Y0BPAA,GAU-1087 :: Disaster Relief Fund 2024
006PxT7JNTBKKS0DAA,GAU-1087 :: Disaster Relief Fund 2024
